hip_number,ra_deg,dec_deg,light_year,vmag
32349,101.2885411,-16.71314306,8.596819704,-1.44
30438,95.98787763,-52.69571799,312.5599233,-0.62
69673,213.918114,19.18726997,36.69105234,-0.05
71683,219.9204103,-60.83514707,4.392820568,-0.01
91262,279.2341083,38.78299311,25.28503839,0.03
24608,79.17206517,45.99902927,42.17880709,0.08
24436,78.63446353,-8.20163919,772.5118483,0.18
37279,114.8272419,5.22750767,11.40139195,0.4
7588,24.42813204,-57.23666007,143.7389771,0.45
27989,88.79287161,7.40703634,427.2608126,0.45
68702,210.956019,-60.3729784,524.9597424,0.61
97649,297.6945086,8.86738491,16.76609751,0.76
60718,186.6497559,-63.09905586,320.5506391,0.77
21421,68.98000195,16.50976164,65.08285087,0.87
65474,201.2983523,-11.16124491,262.0578778,0.98
80763,247.351948,-26.43194608,603.7037037,1.06
37826,116.3306826,28.02631031,33.6985735,1.16
113368,344.4117732,-29.62183701,25.06150062,1.17
62434,191.9304954,-59.68873246,352.4324324,1.25
102098,310.3579727,45.28033423,3227.722772,1.25
71681,219.9141283,-60.83947139,4.392820568,1.35
49669,152.0935808,11.96719513,77.45307674,1.36
33579,104.6564445,-28.97208931,430.6472919,1.5
36850,113.650019,31.88863645,51.52520942,1.58
61084,187.791372,-57.11256922,87.89431114,1.59
85927,263.4021937,-37.10374835,702.5862069,1.62
25336,81.28278416,6.34973451,242.9210134,1.64
25428,81.57290804,28.60787346,130.9762957,1.65
45238,138.3010033,-69.71747245,111.1111111,1.67
26311,84.05338572,-1.20191725,1341.563786,1.69
109268,332.0578184,-46.96061593,101.3681592,1.73
26727,85.18968672,-1.94257841,817.0426065,1.74
39953,122.3831473,-47.33661177,840.2061856,1.75
62956,193.5068041,55.95984301,80.89330025,1.76
15863,51.08061889,49.86124281,591.6515426,1.79
90185,276.0431097,-34.3843146,144.5676275,1.79
54061,165.9326537,61.75111888,123.5784685,1.81
34444,107.0978585,-26.39320776,1791.208791,1.83
67301,206.8856088,49.31330288,100.6483483,1.85
86228,264.3296907,-42.99782155,271.8932444,1.86
41037,125.628603,-59.50953829,631.7829457,1.86
28360,89.88237261,44.94743492,82.07452165,1.9
82273,252.1661074,-69.02763503,415.2866242,1.91
31681,99.42792641,16.39941482,104.7557841,1.93
42913,131.1758221,-54.70856797,79.70660147,1.93
100751,306.4118735,-56.73488071,183.1460674,1.94
11767,37.94614689,89.26413805,431.2169312,1.97
30324,95.6749475,-17.95591658,499.2343032,1.98
46390,141.8968826,-8.65868335,177.173913,1.99
9884,31.79285757,23.46277743,65.88520614,2.01
50583,154.9923405,19.84186032,125.577812,2.01
3419,10.89678452,-17.9866841,95.76968273,2.04
92855,283.8163196,-26.29659428,224.2090784,2.05
68933,211.6721861,-36.36869575,60.91180867,2.06
27366,86.93911641,-9.66960186,721.2389381,2.07
72607,222.6766475,74.15547596,126.4055836,2.07
5447,17.43248991,35.62083048,199.2665037,2.07
112122,340.6663953,-46.88456594,170.0573813,2.07
677,2.09653333,29.09082805,97.02380952,2.07
86032,263.7333532,12.56057584,46.67812142,2.08
14576,47.04220716,40.9556512,92.77177006,2.09
9640,30.97466283,42.32984832,354.7334059,2.1
57632,177.2661598,14.57233687,36.15794144,2.14
4427,14.17708808,60.71674966,612.7819549,2.15
61932,190.3800208,-48.95988553,130.3478609,2.2
45556,139.2726183,-59.27526115,692.1443737,2.21
39429,120.8961256,-40.00318846,1399.141631,2.21
76267,233.6716229,26.71491041,74.68499427,2.22
44816,136.9990713,-43.43262406,572.9349736,2.23
65378,200.980916,54.92541525,78.12125569,2.23
100453,305.5570835,40.2566815,1523.364486,2.23
87833,269.1515744,51.48895101,147.5113122,2.24
3179,10.12661349,56.53740928,228.4512964,2.24
25930,83.00166562,-0.2990934,915.7303371,2.25
746,2.29204036,59.15021814,54.4331274,2.28
66657,204.9719696,-53.46636269,375.5760369,2.29
82396,252.5426874,-34.29260982,65.39618857,2.29
78401,240.0833823,-22.62162024,401.4778325,2.29
71860,220.482391,-47.38814127,547.8991597,2.3
71352,218.8768816,-42.15774562,308.4200568,2.33
53910,165.4599615,56.38234478,79.37667397,2.34
72105,221.2468787,27.07417383,209.6463023,2.35
107315,326.0464181,9.87500791,672.1649485,2.38
86670,265.6219991,-39.02992092,463.7268848,2.39
2081,6.57028075,-42.30512197,77.36117703,2.4
58001,178.4572554,53.69473296,83.61118235,2.41
84012,257.5944266,-15.72514757,84.08563322,2.43
113881,345.9430558,28.08245462,199.144777,2.44
105199,319.6440898,62.58545529,48.77318971,2.45
35904,111.023771,-29.30311979,3196.078431,2.45
45941,140.5284551,-55.01069531,538.8429752,2.47
102488,311.5518009,33.96945334,72.02828104,2.48
113963,346.1900702,15.20536786,139.5547945,2.49
81377,249.2897085,-10.5671518,457.8651685,2.54
14135,45.56991279,4.08992539,219.9730094,2.54
68002,208.8851454,-47.28826634,384.4339623,2.55
54872,168.5267171,20.52403384,57.67869781,2.56
78820,241.3593121,-19.80539286,530.0813008,2.56
59196,182.0897651,-50.72240999,395.1515152,2.58
25985,83.18255798,-17.82229227,1283.464567,2.58
59803,183.9519494,-17.5419837,164.8129424,2.58
93506,285.6530143,-29.88011429,89.04670855,2.6
74785,229.2519659,-9.38286694,159.9607458,2.61
77070,236.0666491,6.42551971,73.19263583,2.63
8903,28.65978771,20.80829949,59.55425649,2.64
26634,84.91224975,-34.07404941,268.0921053,2.65
28380,89.93015897,37.21276409,173.1279873,2.65
61359,188.5968086,-23.39662306,139.6743787,2.65
6686,21.45251267,60.23540347,99.35995123,2.66
67927,208.6713175,18.39858742,36.97402745,2.68
73273,224.6331419,-43.13386699,523.2744783,2.68
61585,189.2961821,-69.13553358,305.529522,2.69
52727,161.6921754,-49.42012517,115.6848829,2.69
23015,74.24840098,33.16613537,511.7739403,2.69
85696,262.690995,-37.29574016,518.2829889,2.7
35264,109.285684,-37.09748689,1093.959732,2.71
97278,296.5648757,10.61326869,460.4519774,2.72
89931,275.2484234,-29.82803914,305.529522,2.72
80331,245.9979452,61.51407536,87.68154922,2.73
79593,243.586526,-3.69397562,170.1461378,2.73
61941,190.4166756,-1.44952231,38.56618952,2.74
52419,160.739278,-64.39447937,438.7617766,2.74
26241,83.85825475,-5.90989984,1325.203252,2.75
65109,200.1502732,-36.71208109,58.59094177,2.75
72622,222.7199054,-16.04161047,77.15976331,2.75
86742,265.8682371,4.56691684,81.95072901,2.76
84345,258.6619269,14.39025314,382.1805393,2.78
23875,76.96264146,-5.08626282,88.80414056,2.78
80816,247.555257,21.4896485,147.711826,2.78
85670,262.6082371,52.30135901,361.4190687,2.79
59747,183.7864873,-58.74890179,363.8392857,2.79
76297,233.7852516,-41.16669497,566.9565217,2.8
81693,250.3228213,31.60188695,35.19378171,2.81
25606,82.06135971,-20.75923214,159.102001,2.81
2021,6.41334183,-77.25503511,24.36836597,2.82
81266,248.9706642,-28.21596156,429.5125165,2.82
90496,276.9927896,-25.42124732,77.25118483,2.82
1067,3.30895828,15.18361593,332.9928498,2.83
77952,238.7867001,-63.42974973,40.12801576,2.83
39757,121.886259,-24.30443677,62.70436622,2.83
85258,261.3249883,-55.52982397,602.5878004,2.84
85792,262.9605066,-49.87598159,242.1991085,2.84
18246,58.53299363,31.88365776,981.9277108,2.84
63608,195.5448356,10.95910186,102.1943574,2.85
107556,326.759522,-16.12656595,38.54339087,2.85
17702,56.87110065,24.10524193,367.5310034,2.85
9236,29.69113269,-61.56992444,71.27240927,2.86
97165,296.2435088,45.13069195,170.9491348,2.86
110130,334.6257426,-60.25949486,198.5383678,2.87
30343,95.73996302,22.51385027,231.6986496,2.87
74946,229.7278701,-68.67946723,182.6330532,2.87
94141,287.440974,-21.02352534,439.9460189,2.88
13847,44.5654818,-40.30473491,161.2265084,2.88
36188,111.7878012,8.28940893,170.1461378,2.89
63125,194.0076705,38.31824617,110.1351351,2.89
78265,239.7130028,-26.1140428,459.1549296,2.89
106278,322.8896695,-5.57115593,611.6322702,2.9
80112,245.2971772,-25.59275259,734.2342342,2.9
18532,59.46342138,40.01027315,537.9537954,2.9
14328,46.19912598,53.50645031,256.2893082,2.91
48002,146.7755734,-65.07201888,1621.890547,2.92
112158,340.7505357,30.22130866,214.7562582,2.93
60965,187.4665965,-16.51509397,87.84694153,2.94
32768,102.4839035,-50.61439973,182.6330532,2.94
109074,331.4459387,-0.31982656,758.1395349,2.95
18543,59.50720862,-13.50824471,221.0169492,2.97
47908,146.4629267,23.77427792,250.5764796,2.97
26451,84.41118447,21.14259299,416.8797954,2.97
88635,271.4521859,-30.42365007,96.05185622,2.98
93747,286.3525518,13.86370983,83.2057172,2.99
87073,266.8961714,-40.12698197,1791.208791,2.99
64962,199.7302224,-23.17141246,132.037262,2.99
82514,252.967662,-38.04732717,821.1586902,3
108085,328.481892,-37.3648229,202.8624767,3
10064,32.38550383,34.98739204,124.2378049,3
75097,230.1822884,71.83397308,480.1178203,3
54539,167.4160809,44.49855337,146.7807294,3
17358,55.7311754,47.7876533,527.5080906,3.01
30122,95.07827982,-30.06337656,336.0824742,3.02
33977,105.7561399,-23.83330131,2566.929134,3.02
59316,182.5313577,-22.61979211,303.255814,3.02
23416,75.49222507,43.82331397,2037.5,3.03
62322,191.5702901,-68.10809405,311.0687023,3.04
71075,218.0198242,38.30788348,85.13972317,3.04
95947,292.6803553,27.9596948,385.3427896,3.05
100345,305.2526935,-14.78140119,343.8818565,3.05
32246,100.9830409,25.13115531,903.0470914,3.06
50801,155.5825136,41.4994335,248.6651411,3.06
94376,288.1381458,67.66131695,100.1843884,3.07
89642,274.4072049,-36.76128103,149.0626429,3.1
52943,162.405967,-16.19413208,138.4876805,3.11
43813,133.8486869,5.9455277,150.6469501,3.11
56561,173.9455345,-63.01982488,409.5477387,3.11
101772,309.3916237,-47.29166239,101.2108041,3.11
83081,254.6551282,-55.99005508,573.943662,3.12
84379,258.7580174,24.83958739,78.45968712,3.12
27628,87.7398034,-35.76929225,85.92514497,3.12
44127,134.8034948,48.04234956,47.71662763,3.12
73334,224.7904125,-42.10414199,538.8429752,3.13
45860,140.2644117,34.39252592,221.9196732,3.14
46701,142.8056407,-57.0343916,237.6093294,3.16
84380,258.7618928,36.80915527,366.704162,3.16
46853,143.2180219,51.67860208,43.96493594,3.17
83895,257.1967711,65.71463676,339.5833333,3.17
31685,99.44029869,-43.19592394,422.8274968,3.17
92041,281.4139708,-26.9907794,230.5516266,3.17
23767,76.62862102,41.23464074,219.2333557,3.18
71908,220.6278543,-64.97456957,53.46891914,3.18
83000,254.4177942,9.37505626,85.8120558,3.19
22449,72.45890935,6.96124744,26.16372392,3.19
87261,267.4643802,-37.04337105,126.7989109,3.19
23685,76.36521705,-22.37085673,226.5462126,3.19
104732,318.2340898,30.22708128,150.786309,3.21
116727,354.8374252,77.63196681,44.96551724,3.21
75141,230.3430683,-40.64745946,510.172144,3.22
79882,244.5801699,-4.69260809,107.4489123,3.23
89962,275.3288358,-2.897122,61.73073282,3.23
106032,322.164896,70.56069481,594.8905109,3.23
99473,302.8261033,-0.82147569,286.971831,3.24
32607,102.0480713,-61.94197988,98.90776699,3.24
73714,226.0177579,-25.28185602,291.8531782,3.25
36377,112.3078263,-43.30189129,183.7655017,3.25
93194,284.7359357,32.68955312,634.2412451,3.25
68895,211.5927873,-26.68201883,101.3366491,3.25
17678,56.80929799,-74.23924251,214.0512147,3.26
3092,9.83165567,30.86122579,101.2736875,3.27
84970,260.5024337,-24.99948797,563.0397237,3.27
113136,343.6626635,-15.82075994,159.4911937,3.27
24305,78.2328046,-16.20542901,184.2849067,3.29
75458,231.2324337,58.96602354,102.1303258,3.29
50099,153.4344955,-70.03792169,370.0340522,3.29
51576,158.0061825,-61.68536031,496.9512195,3.3
21281,68.49882684,-55.04500559,175.6465517,3.3
29655,93.71956952,22.50682376,349.0364026,3.31
85267,261.3485827,-56.37768824,1135.888502,3.31
88048,269.7566566,-9.77334973,152.6932084,3.32
59774,183.856038,57.03259792,81.39825218,3.32
93864,286.7351763,-27.66981416,120.3396087,3.32
14354,46.29373754,38.84053298,325.0249252,3.32
84143,258.038233,-43.23849039,71.55399473,3.32
5165,16.52127713,-46.71849042,198.0558931,3.32
54879,168.5601704,15.4297631,177.5599129,3.33
19780,63.60596306,-62.47397888,163.1631632,3.33
38170,117.3235781,-24.85978401,1347.107438,3.34
41704,127.5667923,60.7184311,183.5585586,3.35
32362,101.3226398,12.89605513,57.17292178,3.35
25281,81.11923774,-2.39713844,900.5524862,3.35
8886,28.59868107,63.67014686,441.7344173,3.35
95501,291.3739694,3.11457923,50.11529593,3.36
75264,230.6703647,-44.68957314,503.8639876,3.37
43109,131.6943593,6.41890691,135.1015334,3.38
66249,203.673978,-0.59593821,73.17620651,3.38
109492,332.7135913,58.20124992,726.0579065,3.39
50371,154.2708554,-61.33231977,735.8916479,3.39
26207,83.78449043,9.93416294,1055.016181,3.39
63090,193.9020137,3.39759862,202.3587834,3.39
20894,67.16531219,15.8709468,148.9264504,3.4
74395,228.0716798,-52.09907465,116.1796151,3.41
18724,60.17008591,12.49037571,370.0340522,3.41
112029,340.3653118,10.83139111,208.4398977,3.41
67464,207.3762392,-41.68765971,474.5269287,3.41
102422,311.3219526,61.83679404,46.75175678,3.41
6867,22.0914236,-43.31772906,233.8593974,3.41
102395,311.2398153,-66.20323826,137.494728,3.42
8796,28.27041595,29.57939727,64.08492235,3.42
86974,266.6154955,27.72249917,27.38345233,3.42
78384,240.0305854,-38.39664079,493.1921331,3.42
93805,286.5622914,-4.88233456,125.1439539,3.43
50335,154.1725181,23.4173284,259.5541401,3.43
45080,137.7421054,-58.96693014,418.4852375,3.43
50372,154.2746956,42.91446855,134.3222085,3.45
5364,17.14693197,-10.181928,117.562207,3.46
38827,119.1947573,-52.98240062,386.7141163,3.46
74666,228.8754324,33.31510222,116.678597,3.46
3821,12.27125262,57.8165477,19.40591702,3.46
12706,40.82551897,3.23617162,81.95072901,3.47
67472,207.4041993,-42.47368506,526.6558966,3.47
49583,151.8331395,16.76266572,2130.718954,3.48
81833,250.7239107,38.92246103,111.9890072,3.48
55219,169.6198139,33.09423881,421.1886305,3.49
112623,342.1383214,-51.31670354,129.5707472,3.49
90422,276.7434595,-45.96832919,249.235474,3.49
8102,26.02136441,-15.93955597,11.89043294,3.49
73555,225.486638,40.39063671,218.6452046,3.49
33856,105.4297988,-27.93484165,1216.41791,3.49
35550,110.0307889,21.98233941,58.79170424,3.5
32759,102.4602729,-32.50848752,789.346247,3.5
112724,342.4204674,66.20071089,115.31659,3.5
112748,342.5004181,24.60168486,116.6368515,3.51
98337,299.6891152,19.49209287,273.9495798,3.51
17378,55.81231706,-9.76519868,29.48091879,3.52
48774,149.2156452,-54.5677973,1928.994083,3.52
47508,145.2879912,9.89239902,135.1575456,3.52
93085,284.4324156,-21.10662433,372.1461187,3.52
92420,282.5199746,33.36267788,881.0810811,3.52
109427,332.549249,6.197789,96.53538644,3.52
40526,124.128951,9.18566295,290.2938557,3.53
20889,67.15388879,19.18052092,154.9429658,3.53
77516,237.4052738,-3.43014112,155.6829035,3.54
56343,173.2510794,-31.85752405,129.2112564,3.54
86263,264.3967718,-15.39840835,105.3992887,3.54
27288,86.73895728,-14.82194717,70.15278674,3.55
99240,302.1744171,-66.17932101,19.9108288,3.55
69996,214.8509697,-46.05808391,351.6720604,3.55
20042,64.47341068,-33.79833145,178.4345922,3.55
89937,275.2597457,72.73369763,26.26702119,3.55
1562,4.85701265,-8.82382948,289.5204263,3.56
10602,34.12708452,-51.51211145,154.7958215,3.56
55282,169.835511,-14.77904358,194.6268657,3.56
82545,253.083973,-38.01747781,516.6402536,3.56
71053,217.957741,30.37114497,148.7226277,3.57
44471,135.9064949,47.15665934,422.8274968,3.57
75177,230.4518186,-36.26116729,326.3263263,3.57
37740,116.1119524,24.39812929,143.4227893,3.57
35350,109.5233616,16.54047526,94.24689217,3.58
100064,304.5134103,-12.54485877,108.6304565,3.58
57757,177.6720255,1.76537705,35.5352082,3.59
60260,185.3408804,-60.40136988,227.972028,3.59
7607,24.49792651,48.62848641,173.7739872,3.59
27072,86.11656241,-22.44748663,29.24029061,3.59
24674,79.40166225,-6.84438616,554.4217687,3.59
6537,21.00604671,-8.18275372,114.4662921,3.6
85727,262.774904,-60.68360667,187.141217,3.6
46651,142.6754706,-40.46688763,60.49359807,3.6
42536,130.0733717,-52.92197259,494.6889226,3.6
33018,103.1972503,33.96136985,196.503918,3.6
76470,234.2560775,-28.13507099,194.5107399,3.6
49841,152.6474879,-12.35383921,114.6272855,3.61
63613,195.5657397,-71.54879865,90.78251184,3.61
86929,266.4333435,-64.7237345,370.8759954,3.61
15900,51.20349011,9.02906504,211.4137484,3.61
13209,42.49578911,27.26079044,159.4132029,3.61
7097,22.87080776,15.34583101,293.9585212,3.62
82729,253.6462716,-42.36075916,150.4383941,3.62
17847,57.29054669,24.05352412,380.3967328,3.62
37819,116.3137663,-37.96859848,1387.234043,3.62
113726,345.4801938,42.32597866,692.1443737,3.62
57363,176.4023639,-66.72884344,128.245476,3.63
101769,309.3869573,14.59520289,97.3424903,3.64
46733,142.8815403,63.06179545,75.46296296,3.65
110960,337.2075023,-0.02006304,103.3935934,3.65
20205,64.94805793,15.62770031,153.9914974,3.65
88714,271.6578283,-50.09145462,1012.42236,3.65
77233,236.5467288,15.42192602,152.9798217,3.65
75695,231.9577163,29.10549164,113.986014,3.66
76600,234.6641015,-29.77768935,444.7476126,3.66
68756,211.0976084,64.37580873,308.7121212,3.67
103227,313.7024151,-58.4540947,602.5878004,3.67
22549,72.80152507,5.60510146,1258.687259,3.68
97365,296.8469384,18.53425912,447.8021978,3.68
42828,130.8981145,-33.18641133,844.5595855,3.68
114341,347.3615088,-21.17248555,233.5243553,3.68
9007,28.98680207,-51.60958673,57.00297255,3.69
57399,176.5130589,47.77933701,195.9134615,3.69
2920,9.24277921,53.89693161,597.0695971,3.69
23453,75.61950025,41.07588953,787.4396135,3.69
106985,325.0222594,-16.66225343,138.8415673,3.69
47854,146.3117815,-62.50792328,1509.259259,3.69
114971,349.2895568,3.28224524,130.8186196,3.7
87933,269.4409611,29.24792527,135.1575456,3.7
15474,49.87904033,-21.7579421,258.1155978,3.7
98036,298.8281923,6.40793334,44.68814256,3.71
22797,73.5628985,2.44067149,1341.563786,3.71
38414,118.0543562,-40.57579889,344.6088795,3.71
77622,237.7037134,4.4775798,70.2737659,3.71
88771,271.8375861,9.56365345,82.74111675,3.71
28103,89.10132627,-14.16803805,49.04468181,3.71
28358,89.88145972,54.28498197,140.3962102,3.72
16537,53.23509009,-9.45830584,10.49074819,3.72
17499,56.21884811,24.1134484,370.4545455,3.72
104060,316.2327325,43.92785122,1176.895307,3.72
107089,325.368638,-77.38946215,69.03854299,3.73
112961,343.1536019,-7.57967878,391.3565426,3.73
72220,221.5624659,1.8929383,128.5996055,3.73
87585,268.3817896,56.87245216,111.4149009,3.73
16083,51.79217049,9.7327724,222.0708447,3.73
8645,27.86504416,-10.33494526,258.9356632,3.74
80170,245.480182,19.15302185,195.3265428,3.74
104887,318.6972776,38.04432043,68.20083682,3.74
87108,266.9732252,2.70745875,94.71237653,3.75
44511,136.0388356,-47.09771376,309.0047393,3.75
95853,292.4264139,51.72946747,122.4183252,3.76
30867,97.20447548,-7.03305042,690.6779661,3.76
111169,337.822399,50.28244976,102.3226616,3.76
93683,286.1705577,-21.74135451,138.7824606,3.76
27654,87.82980343,-20.87751376,112.2203098,3.76
26069,83.40631813,-62.48985585,1038.216561,3.76
26549,84.68652211,-2.60006791,1147.887324,3.77
42570,130.1565637,-46.64875492,3104.761905,3.77
20455,65.73344722,17.5425843,153.1235322,3.77
101958,309.909394,15.9120527,240.5904059,3.77
105881,321.6667821,-22.41137838,398.046398,3.77
82363,252.4462976,-59.04131648,313.1604227,3.77
109176,331.7519773,25.3450461,38.32588761,3.77
13268,42.67413655,55.89552955,1330.612245,3.77
17529,56.29851422,42.57854437,556.3139932,3.77
41312,126.4343594,-66.13652042,107.9112877,3.77
71795,220.2871682,13.72833113,180.4095185,3.78
102618,311.9188857,-9.49568988,229.4159043,3.78
48319,147.7487154,59.03910437,114.9911817,3.78
36046,111.4319837,27.79828561,125.8687259,3.78
34481,107.1867688,-70.49919435,141.6159861,3.78
53253,163.3731926,-58.85326474,96.70720854,3.78
55203,,,#DIV/0!,3.79
53229,163.3276661,34.21556641,97.60479042,3.79
14668,47.37345463,44.85788896,112.2203098,3.79
99675,303.4079278,46.74132417,1352.697095,3.8
94779,289.2754579,53.36816064,123.1117825,3.8
14879,48.01783332,-28.98910623,46.00620943,3.8
37229,114.7078387,-26.8038924,454.0389972,3.8
76276,233.7007926,10.53885916,209.7812098,3.8
116584,354.3904487,46.45917621,84.15074858,3.81
51232,156.9697711,-58.73940856,1041.533546,3.81
76952,235.6859927,26.29551419,145.0177936,3.81
21393,68.88779874,-30.56231049,208.7067862,3.81
9487,30.51166929,2.76376048,139.0191898,3.82
80883,247.7285051,1.98410056,166.0723383,3.82
45688,139.7111139,36.80289763,121.8691589,3.82
86414,264.8662185,46.00632216,495.4407295,3.82
56211,172.851202,69.33112161,334.0163934,3.82
51069,156.5229377,-16.83609584,248.0974125,3.83
68245,209.5678528,-42.10070526,465.0499287,3.83
72370,221.9655257,-79.04471242,411.0970996,3.83
43783,133.7619236,-60.64471195,311.9617225,3.84
97433,297.0425566,70.26783533,145.5357143,3.84
17440,56.04814541,-64.80709398,99.6637114,3.84
51624,158.2028131,9.30659431,5719.298246,3.84
89341,273.4408696,-21.05883031,29636.36364,3.84
51986,159.3260698,-48.22561631,86.44921771,3.84
20885,67.14346805,15.96221721,157.7928364,3.84
17448,56.07969347,32.28827325,1475.113122,3.84
88794,271.8856282,28.76247025,347.1778488,3.84
61199,188.117129,-72.1329759,323.733863,3.84
91117,278.8018244,-8.24330819,174.1452991,3.85
27321,86.82118054,-51.06671329,62.84943127,3.85
19747,63.5003388,-42.29387294,117.0556553,3.85
61622,189.4263659,-48.54128816,131.6108195,3.85
78072,239.112476,15.66473327,36.2544484,3.85
50191,153.684474,-42.12206281,102.7742749,3.85
90139,275.9240282,21.77034249,128.3464567,3.85
30277,95.52852147,-33.43627251,237.0909091,3.85
61281,188.3710104,69.78820992,497.7099237,3.85
110395,335.4137498,-1.38735315,157.7164973,3.86
25859,82.8030645,-35.47043592,276.9753611,3.86
79664,243.8594423,-63.68564897,620.952381,3.86
87808,269.0632439,37.25052158,669.4045175,3.86
4436,14.18790699,38.49925513,136.2306728,3.86
21594,69.54529558,-14.303587,109.2493298,3.86
81065,248.3644341,-78.89695917,159.4911937,3.86
97804,298.1181826,1.00567827,1172.661871,3.87
68282,209.6698807,-44.8035314,417.4135723,3.87
43023,131.5068946,-46.0415392,1552.380952,3.87
17573,56.45663804,24.36785796,359.8233996,3.87
78104,239.2211944,-29.21401221,409.033877,3.87
71957,220.7648428,-5.6574291,60.88905491,3.87
74376,227.9840043,-48.73770212,182.2247065,3.88
765,2.35224949,-45.74698836,140.0343643,3.88
114421,347.5892831,-45.24664747,184.9120817,3.88
48455,148.1914903,26.00708498,132.9526917,3.88
8832,28.38235506,19.29409264,204.2606516,3.88
45336,138.5908053,2.31502422,128.6503552,3.89
13701,44.10668245,-8.89760976,133.1155574,3.89
98110,299.0766507,35.08349079,139.3162393,3.89
60129,184.976631,-0.66674709,249.6171516,3.89
33152,103.5331452,-24.18422296,1975.757576,3.89
55425,170.2518427,-54.49101395,321.182266,3.9
47431,144.9638916,-1.14265722,275.5705833,3.9
65936,202.7611186,-39.40727983,1253.846154,3.9
41307,126.4152955,-3.90636482,124.9520889,3.91
60823,187.0100483,-50.2306048,442.9347826,3.91
18907,60.78907003,5.98930909,129.1600634,3.91
73807,226.279607,-47.05119386,496.9512195,3.91
76333,233.881414,-14.78955365,152.194211,3.91
79992,244.9351996,46.31327084,314.3683703,3.91
104987,318.9558198,5.2480739,186.1793261,3.92
83207,255.0725258,30.92633926,162.6746507,3.92
95168,290.4182304,-17.84725155,121.6871967,3.92
21444,69.07975243,-3.352448,586.3309353,3.93
37504,115.4549835,-72.60613528,133.8259442,3.93
2072,6.55048418,-43.67990933,76.68783816,3.93
7083,22.81242306,-49.07307701,147.1783296,3.93
54463,167.1474818,-58.97504198,5927.272727,3.93
13531,43.564427,52.76248991,247.9087452,3.93
88192,270.1613147,2.93158759,1417.391304,3.93
78933,241.701802,-20.66913479,423.3766234,3.93
5348,17.0960837,-55.24583235,279.5883362,3.94
37447,115.3119861,-9.55108315,144.1839894,3.94
37677,115.9519672,-28.9548352,-8810.810811,3.94
42911,131.1712921,18.15486399,136.0033375,3.94
103413,314.2933818,41.16719384,355.5070883,3.94
9598,30.85912643,72.42123962,162.027833,3.95
31592,99.17082883,-19.25570928,64.66970839,3.95
45101,137.8198661,-62.31701587,499.2343032,3.96
95347,290.9714641,-40.61564629,169.7916667,3.96
95241,290.6595272,-44.45891013,378.1902552,3.96
19343,62.16530527,47.71259359,553.4804754,3.96
99848,303.8679927,47.7142053,1108.843537,3.96
28328,89.78662719,-42.81510761,530.9446254,3.96
44248,135.1614677,41.78344401,53.5655603,3.96
115438,350.7429228,-20.10034505,161.8669315,3.96
98495,300.1474723,-72.91018443,106.0852587,3.97
42515,130.0255689,-35.30830091,388.0952381,3.97
77634,237.7397573,-33.62710488,205.5485498,3.97
112440,341.6326766,23.56567939,394.6731235,3.97
59449,182.9131309,-52.36841559,342.0776495,3.97
110997,337.3173087,-43.49555433,295.5575703,3.97
27673,87.87246934,39.14847936,214.8978247,3.97
20535,66.00902233,-34.01698632,272.8033473,3.97
35228,109.2076284,-67.95717248,659.9190283,3.97
18614,59.74124892,35.79102701,1771.73913,3.98
106481,323.4953036,45.59206564,124.4274809,3.98
114996,349.3575502,-58.23592762,71.8061674,3.99
9347,30.0009367,-21.07777193,300.7380074,3.99
65477,201.3058983,54.98799884,81.11470515,3.99
29651,93.71390194,-6.27472737,644.2687747,3.99
50954,156.0989187,-74.03154474,52.86200746,3.99
79374,242.9989188,-19.46064684,436.4123159,4
44382,135.6116618,-66.39584369,124.2378049,4
55642,170.9807033,10.52969772,79.01114881,4
101076,307.348879,30.36855661,758.1395349,4.01
34088,106.0272308,20.57029939,1168.458781,4.01
91792,280.758891,-71.42772867,209.6463023,4.01
80000,244.9606983,-50.15537923,127.4433151,4.01
78527,240.4737656,58.56443739,68.21510776,4.01
71865,220.4900532,-37.79342394,304.9579046,4.01
22109,71.37558764,-3.25462465,531.8107667,4.01
35037,108.7027568,-26.77268601,923.5127479,4.01
8068,25.9150637,50.6887655,716.4835165,4.01
43409,132.6333805,-27.71005869,208.5732566,4.02
93244,284.9057884,15.06847757,153.6286522,4.02
93429,285.4201724,-5.73901832,148.5193622,4.02
59199,182.1031361,-24.72877993,48.14650716,4.02
23522,75.854572,60.44228144,996.941896,4.03
101421,308.3031866,11.30333217,358.6358636,4.03
63003,193.6485734,-57.17789116,377.3148148,4.03
88601,271.3633868,2.50243928,16.58020547,4.03
118268,359.8275099,6.86359373,105.9129305,4.03
43103,131.6743096,28.76000509,297.9890311,4.03
10670,34.32848216,33.84732099,117.562207,4.03
111497,338.8388705,-0.11736123,183.4552617,4.04
70497,216.3000806,51.85171354,47.50109282,4.04
57380,176.4648773,6.52981394,312.8598848,4.04
19587,62.96638834,-6.8377787,125.4811393,4.04
40702,124.6302785,-76.91998251,63.42412451,4.05
55434,170.2843673,6.02935289,213.9107612,4.05
71536,219.4718797,-49.42575765,310.1807802,4.05
67459,207.3695744,15.79780583,245.297216,4.05
70090,215.1394971,-37.88526711,247.1569371,4.05
42884,131.0998583,-42.64932331,228.4512964,4.05
112716,342.3979576,-13.59253756,379.95338,4.05
14632,47.26201363,49.61350009,34.34109344,4.05
60009,184.609553,-64.00304555,361.0188261,4.06
83153,254.8960277,-53.16049005,304.1044776,4.06
22957,74.09300449,13.51457755,169.2627207,4.06
36962,113.9807178,26.89600343,240.2358143,4.06
72010,220.9145146,-35.17322549,205.1604783,4.06
55705,171.2207634,-17.68401748,83.80462725,4.06
59929,184.394318,-67.96067161,301.8518519,4.06
74117,227.2109565,-45.27979406,406.4837905,4.07
69701,214.0036872,-5.99952622,69.74753958,4.07
110991,337.2926998,58.4151899,981.9277108,4.07
74824,229.3790009,-58.80087882,96.59259259,4.07
53740,164.9447866,-18.29909723,174.2383752,4.08
33160,103.5478363,-12.03859273,251.9319938,4.08
11001,35.43759585,-68.6594239,135.2697095,4.08
46974,143.611096,-59.22976797,1975.757576,4.08
3693,11.83495908,24.26737703,181.3125695,4.08
105502,320.5213912,19.80435581,153.8461538,4.08
12387,39.87061789,0.3285168,646.8253968,4.08
104139,316.4865808,-17.23271095,158.1756429,4.08
92862,283.8336882,43.9458926,349.4105038,4.08
14146,45.59830468,-23.62433613,86.12945839,4.08
26366,84.22637775,9.291412,116.0142349,4.09
77450,237.1850359,18.1417793,348.2905983,4.09
12777,41.04869991,49.22866639,36.61687072,4.1
90568,277.2072332,-49.07003097,127.34375,4.1
94160,287.5073019,-39.34070677,507.788162,4.1
38164,117.3095792,-46.37322729,1963.855422,4.1
7513,24.19990413,41.40638491,43.90572391,4.1
34045,105.9395549,-15.63325876,401.972873,4.11
48356,147.8695103,-14.84654997,273.4899329,4.11
76440,234.1799454,-66.31690469,216.0371107,4.11
12486,40.16638213,-39.85530905,145.4058876,4.11
42312,129.4110057,-42.98910371,1436.123348,4.11
113638,345.2203098,-52.75410562,112.4525699,4.11
94114,287.3678264,-37.90423953,129.6222664,4.11
57439,176.6285375,-61.17835907,434.0878828,4.11
51839,158.8675767,-78.60781379,413.1812421,4.11
12394,39.8967653,-68.2669476,153.2675129,4.12
58948,181.30279,8.73284563,170.8595388,4.12
111043,337.4393561,-43.74922804,324.7011952,4.12
98032,298.8153295,-41.8684135,189.0951276,4.12
19812,63.72440722,48.40937312,722.8381375,4.12
102978,312.9554008,-26.91912642,628.1310212,4.12
28614,90.59579323,9.64736756,151.6984644,4.12
116771,354.9867513,5.62735374,44.95931596,4.13
102485,311.5240255,-25.27051682,47.8286385,4.13
77853,238.4561544,-16.7296223,162.8371628,4.13
30883,97.24079361,20.2121672,502.3112481,4.13
25247,80.98681839,-7.80795569,174.2383752,4.13
112405,341.5155139,-81.38161731,140.3357727,4.13
42313,129.4141974,5.70379868,179.0225151,4.14
16369,52.71819576,12.93668186,360.2209945,4.14
17608,56.58150135,23.94846207,359.030837,4.14
109937,333.9923757,37.74873483,626.9230769,4.14
107354,326.1612676,25.64500284,115.0317572,4.14
76127,233.2324831,31.35915517,310.772164,4.14
78159,239.3970912,26.87802632,229.5774648,4.14
59072,181.7202202,-64.61363898,64.18586336,4.14
116805,355.1018409,44.33397776,169.6149844,4.15
85112,260.9207203,37.14592396,401.4778325,4.15
34769,107.9660849,-0.49278056,374.7126437,4.15
28734,91.0300689,23.26363207,150.6469501,4.16
78727,,,#DIV/0!,4.16
36366,112.2775405,31.78407932,60.30336663,4.16
85340,261.5925724,-24.17502346,83.67556468,4.16
110003,334.2081933,-7.78323706,191.314554,4.17
17874,57.36367035,-36.2001125,209.7812098,4.17
2599,8.24994391,62.93178781,4126.582278,4.17
69427,213.2239209,-10.274044,223.4407128,4.18
109857,333.7569958,57.04346522,83.89089038,4.18
81304,249.0935872,-35.25535553,338.5254413,4.18
111954,340.1638565,-27.0436148,744.2922374,4.18
69732,214.0965682,46.08791894,97.08159619,4.18
67457,207.3614636,-34.45063035,177.2702556,4.19
92043,281.4155466,20.54712356,62.24937942,4.19
25813,82.69603301,5.94821792,288.4955752,4.2
113246,343.9870501,-32.53970196,170.3239289,4.2
51233,156.9712187,36.70747818,145.9265891,4.2
112447,341.672673,12.17408381,52.97367566,4.2
38835,119.2148262,-22.88014849,502.3112481,4.2
81126,248.5257886,42.43689565,302.1316033,4.2
82080,251.4923396,82.03725071,346.4399575,4.21
20635,66.34207825,22.29398098,153.2675129,4.21
105858,321.6103839,-65.36814438,30.04608295,4.21
16228,52.26722684,59.94033461,4289.473684,4.21
101093,307.3951138,62.99413722,135.6073211,4.21
114724,348.5805522,-6.0485268,222.0708447,4.22
92609,283.0543189,-62.18756062,1811.111111,4.22
17651,56.71245432,-23.248438,58.43341101,4.22
13254,42.64547584,38.31890838,127.6429131,4.22
38518,118.3256786,-48.10294824,1940.47619,4.22
80569,246.7559929,-18.45619698,488.7556222,4.22
102453,311.415663,30.7196568,205.8080808,4.22
78918,241.6481513,-36.80221297,410.5793451,4.22
92175,281.7936556,-4.74782871,689.217759,4.22
92791,283.6262029,36.89860518,898.0716253,4.22
89908,275.1893383,71.33772734,289.0070922,4.22
105102,319.3539689,39.39469016,4527.777778,4.22
107259,325.8768956,58.78005308,5258.064516,4.23
81852,250.7725818,-77.51657182,157.5640406,4.23
68520,210.4115965,1.54458338,218.206158,4.23
1599,5.00797581,-64.8776232,28.01168586,4.23
67153,206.4231943,-33.04336606,62.80100173,4.23
64394,197.9705112,27.87603769,29.8452806,4.23
93825,286.6043316,-37.06275714,58.32886026,4.23
37629,115.8278555,28.8840717,122.1889055,4.23
79101,242.1924972,44.93481883,228.4512964,4.23
107533,326.6983579,49.3095748,1156.028369,4.23
61317,188.4378856,41.35676779,27.28946928,4.24
11407,36.74627081,-47.70382692,528.363047,4.24
86565,265.3538188,-12.87517268,167.9546625,4.24
80911,247.8455896,-34.70432087,745.9954233,4.24
60000,184.5872663,-79.31226899,270.5394191,4.24
5372,17.18399735,86.25711803,312.5599233,4.24
114855,348.9719873,-9.08769554,148.3841602,4.24
12770,41.03064356,-13.85867594,440.5405405,4.24
23972,77.28659571,-8.75407607,1752.688172,4.25
41075,125.7088754,43.18837233,388.5578069,4.25
21402,68.91347315,10.16091706,150.3690037,4.25
62896,193.3589416,-40.17881857,155.0166429,4.25
70692,216.8813438,75.69593921,344.6088795,4.25
19167,61.64606374,50.35135022,346.4399575,4.25
107418,326.3622053,61.12081043,5093.75,4.25
21476,69.17264013,41.26485467,641.7322835,4.25
5896,18.93956391,-68.87623708,66.61217818,4.25
22783,73.51254425,66.34266029,6936.170213,4.26
16611,53.44686638,-21.63281597,295.8257713,4.26
5434,17.37550908,47.2418241,735.8916479,4.26
15510,49.97177014,-43.07154929,19.75518119,4.26
86170,264.1368615,-38.63486521,143.9929329,4.26
8198,26.34828629,9.15764102,258.1155978,4.26
19893,64.00621426,-51.48709578,66.17945595,4.26
44066,134.6216541,11.85777198,173.4965407,4.26
88267,270.3766789,21.59568814,470.4184704,4.26
108917,330.9465078,64.62775425,101.6526349,4.26
115830,351.9923659,6.37909727,158.714703,4.27
12828,41.23488901,10.11421979,84.21596487,4.27
4906,15.73606615,7.89007256,190.1983664,4.27
95294,290.8044192,-44.79964788,138.6054422,4.27
102532,311.6646583,16.12477326,101.4312383,4.27
21589,69.53917371,12.51087423,149.6099128,4.27
21881,70.56126452,22.95697545,400.4914005,4.27
19860,63.88352173,8.89240989,434.6666667,4.27
64004,196.7277627,-49.90621586,411.6161616,4.27
74911,229.6335359,-47.87519201,290.5525847,4.27
105515,320.5615726,-16.83455521,215.4659617,4.28
20711,66.57664484,22.81369394,154.7223541,4.28
99655,303.3491714,56.56752223,152.2652966,4.28
114131,346.7198686,-43.52032436,133.0069359,4.28
109410,332.496886,33.17826747,251.5432099,4.28
85423,261.8386001,-29.86669942,111.4149009,4.28
51172,156.7881495,-31.06780228,366.2921348,4.28
47193,144.2722997,81.32642085,1075.907591,4.28
77055,236.0144331,77.79449901,375.5760369,4.29
16852,54.21882896,0.40283316,44.72492797,4.29
52154,159.8267189,-55.60327905,900.5524862,4.29
116631,354.5340797,43.2680761,502.3112481,4.29
57936,178.2273387,-33.90813014,365.0615901,4.29
111188,337.8762065,-32.34602798,148.2492042,4.29
24845,79.89385817,-13.17677698,1075.907591,4.29
80894,247.7849789,-16.61264015,209.916291,4.29
109139,331.6091889,-13.86954013,172.4867725,4.29
61174,188.0186865,-16.19586556,59.35906773,4.3
20648,66.37215593,17.92798917,147.845805,4.3
56647,174.2372077,-0.82385424,178.0447843,4.3
100027,304.4119005,-12.50821403,686.3157895,4.3
70069,215.0814698,-56.38647906,1185.454545,4.3
57669,177.4212002,-63.78848906,459.1549296,4.3
17531,56.30200876,24.46737879,372.5714286,4.3
28404,89.98375587,45.93675346,840.2061856,4.3
17797,57.14926223,-37.62012878,161.1468117,4.3
53417,163.9035334,24.74975451,288.7511072,4.3
4577,14.65144118,-29.35746436,672.1649485,4.3
11484,37.03965786,8.4600887,175.9309228,4.3
42799,130.8061932,3.39866539,466.3805436,4.3
42568,130.1543132,-59.76101468,1411.255411,4.31
75411,231.1230676,37.37696091,120.9198813,4.31
70638,216.7322531,-83.66785308,278.6324786,4.31
101847,309.5844729,-1.10507951,383.5294118,4.31
78990,241.8512506,-20.8686541,264.6103896,4.31
43067,131.5938644,-13.54770494,226.7037552,4.32
84880,260.2068148,-12.846882,193.3570581,4.32
58758,180.7570797,-63.31294495,229.739253,4.32
29696,93.84473576,29.49871224,168.8244433,4.32
64241,197.4981226,17.52911621,46.69818078,4.32
46750,142.9301682,22.96806545,336.4293086,4.32
25945,83.0531302,18.59424525,1917.647059,4.32
21763,70.11039135,-19.67125686,361.0188261,4.32
67669,207.9567718,-32.99401625,297.4452555,4.32
72683,222.9096805,-43.57529383,407.5,4.32
16826,54.12233383,48.19270068,699.5708155,4.32
88866,272.1449619,-63.66804844,138.4288747,4.33
62867,193.2790691,-48.94325313,302.6926648,4.33
36284,112.0409561,8.92550376,397.5609756,4.33
84405,258.838697,-26.60004896,19.5116112,4.33
89826,274.965505,36.06444696,237.7826404,4.33
70576,216.5450065,-45.37926095,314.0655106,4.33
45496,139.0504268,-57.54143764,536.1842105,4.34
40888,125.162033,-77.4845764,153.6286522,4.34
47175,144.2069042,-49.3551286,107.4135091,4.34
27100,86.19341279,-65.7355408,145.0177936,4.34
3031,9.63958024,29.312369,168.5625646,4.34
107348,326.1278772,17.35004352,900.5524862,4.34
68523,210.4312165,-45.60336989,447.8021978,4.34
2912,9.22016239,33.71935227,655.9356137,4.34
111022,337.3825947,47.70689488,1164.285714,4.34
92161,281.7550932,18.18122968,92.69263577,4.34
76552,234.5138429,-42.56748493,229.739253,4.34
91971,281.1930661,37.60505025,153.5562883,4.34
5542,17.77471116,55.14994765,137.3788453,4.34
31125,97.96403433,-23.41843727,2050.314465,4.34
85355,261.628665,4.14034239,1172.661871,4.34
60742,186.7346983,28.26861975,169.9687174,4.35
43234,132.1082535,5.83788486,337.1251293,4.35
107380,326.2366159,-33.02555306,204.6453233,4.35
22509,72.65300943,8.90025258,193.5866983,4.35
90098,275.8067524,-61.49390506,420.1030928,4.35
39794,121.98267,-68.61713647,641.7322835,4.35
14838,47.90695691,19.72669777,167.6954733,4.35
31407,98.74411397,-52.97563454,1762.162162,4.35
33449,104.3191605,58.42305973,170.3239289,4.35
94713,289.0920643,38.13372778,768.8679245,4.35
74857,229.457687,-30.14866233,307.8375826,4.35
85822,263.0537383,86.58632924,182.6330532,4.35
3405,10.83851683,-57.46309763,240.2358143,4.36
19038,61.17357446,22.0820679,180.7095344,4.36
96468,294.1803189,-1.28655047,307.2573044,4.36
22701,73.2236682,-5.45275591,226.5462126,4.36
10324,33.25004577,8.8467523,361.8201998,4.36
39863,122.1485736,-2.98377649,1852.272727,4.36
28199,89.38421613,-35.28330688,853.4031414,4.36
2484,7.88566992,-62.95808549,139.614561,4.36
68862,211.5116084,-41.17958035,445.9644323,4.36
24327,78.30785422,-12.94128833,559.1766724,4.36
16335,52.64367585,47.99517199,353.1960997,4.36
33347,104.0342764,-17.05424675,3075.471698,4.36
154,0.48996506,-6.01397169,414.7582697,4.37
98412,299.9340597,-35.27624433,617.4242424,4.37
88886,272.1895526,20.81457203,1523.364486,4.37
53773,165.0385243,-42.22586959,203.8774234,4.37
29807,94.13806399,-35.14073157,182.8379136,4.37
35415,109.6770328,-24.95438447,3196.078431,4.37
64238,197.4875502,-5.53892987,414.7582697,4.38
99255,302.2221517,77.71136178,326.9809428,4.38
116231,353.2424506,-37.81835895,178.3369803,4.38
115669,351.511739,-20.64186122,308.4200568,4.38
49637,151.9763285,9.99766389,274.1799832,4.39
96757,295.0240939,18.01393839,473.149492,4.39
73620,225.7252916,2.09127129,183.352081,4.39
26176,83.70515764,9.48958528,984.8942598,4.39
30419,95.94207368,4.59283881,128.3970067,4.39
39311,120.566472,2.33431429,261.008807,4.39
82673,253.5020974,10.16544339,233.6917563,4.39
105319,319.9661825,-53.44926434,97.08159619,4.39
84893,260.2508762,-21.11243499,56.71537926,4.39
8837,28.41174872,-46.30244631,321.182266,4.39
96837,295.2622238,17.47612356,466.3805436,4.39
27913,88.59618305,20.27641498,28.24222472,4.39
17884,57.38035594,65.52600645,964.4970414,4.39
4463,14.30178237,23.41775997,242.5595238,4.4
108431,329.4792958,-54.9925666,184.7025496,4.4
38070,117.0215621,-25.93718054,2469.69697,4.4
39906,122.2568477,-19.24500094,472.4637681,4.4
93015,284.2376694,-67.23353511,543.3333333,4.4
114222,346.9743255,75.3875815,219.8246797,4.41
105138,319.4794496,34.8968812,900.5524862,4.41
115102,349.705945,-32.53183574,178.7280702,4.41
32761,102.4638171,-53.62249221,552.5423729,4.41
34693,107.7849651,30.24528065,301.5726179,4.41
70300,215.7594054,-39.51176599,418.4852375,4.41
85693,262.6845751,26.1106045,367.1171171,4.41
115033,349.4758484,-9.1824899,321.816387,4.41
87998,269.6256239,30.18926892,795.1219512,4.41
110538,335.8901517,52.22949951,169.7032795,4.42
88290,270.4382897,1.30510936,264.8253452,4.42
115623,351.3444225,23.40401243,173.1279873,4.42
72571,222.5727779,-27.96021925,305.2434457,4.42
77257,236.6114412,7.35323973,38.31687823,4.42
29038,91.89300774,14.76852318,534.4262295,4.42
34922,108.3842954,-44.64052957,198.0558931,4.42
53954,165.5824216,20.17974575,123.6253318,4.42
40326,123.5120297,-40.34773028,310.4761905,4.42
31700,99.47260802,-18.23745713,463.7268848,4.42
34981,108.5634018,-26.35251617,1574.879227,4.42
23040,74.32175175,53.75208289,375.5760369,4.43
19849,63.8234923,-7.64455846,16.44471348,4.43
100587,305.9649834,32.19018607,255.2858262,4.43
98688,300.6644137,-27.70987972,447.8021978,4.43
102281,310.8647738,15.07468224,203.3686837,4.43
94481,288.4395365,39.14596968,1041.533546,4.43
17593,56.53542672,-12.1017353,496.9512195,4.43
102624,311.9343246,-5.02760303,444.7476126,4.43
19921,64.12118133,-59.30174841,59.4456601,4.44
30060,94.90579498,59.01090518,148.9945155,4.44
40706,124.6391383,-36.65953286,92.98345693,4.44
21770,70.14092957,-41.86357034,65.63317898,4.44
3786,12.17039736,7.58520186,304.9579046,4.44
71121,218.1545145,-50.45712132,573.943662,4.44
40091,122.8395844,-39.61855304,1873.563218,4.44
95771,292.1767126,24.66516482,296.3636364,4.44
36795,113.5133581,-22.29618077,83.78308918,4.44
1170,3.66013628,-18.93268628,492.4471299,4.44
51849,158.8971442,-57.55763551,1375.527426,4.45
55084,169.1656837,-3.65151412,195.3265428,4.45
42402,129.6893699,3.34147477,352.4324324,4.45
94648,288.8887238,73.35521457,150.0230097,4.45
7884,25.35794814,5.48760445,367.9458239,4.45
29426,92.98498656,14.20881425,634.2412451,4.45
96229,293.5217823,7.37931918,110.5084746,4.45
44191,135.0226672,-41.25373789,201.3588635,4.45
52633,161.446399,-80.54020283,363.4336678,4.45
13147,42.27233113,-32.40628403,168.8244433,4.45
80975,248.0341108,-21.46647783,174.7052519,4.45
24244,78.07453075,-11.86914287,240.9460458,4.45
44901,137.2182737,51.60472728,95.54513482,4.46
18255,58.57286091,-2.95473348,344.6088795,4.46
59173,182.0219013,-50.66125439,375.5760369,4.46
80582,246.7960326,-47.5547359,399.5098039,4.46
112948,343.1314913,-32.87545019,222.2222222,4.46
24331,78.32283171,2.86125346,343.5194942,4.46
11569,37.26661741,67.40238385,141.4930556,4.46
54682,167.9145262,-22.82560642,265.9053834,4.46
44599,136.286793,-72.60269387,454.0389972,4.47
104858,318.6199588,10.00771855,60.24764369,4.47
73165,224.29607,-4.34608634,90.98520793,4.47
23123,74.63709525,1.71403506,953.2163743,4.47
31216,98.22595658,7.33297921,1509.259259,4.47
57803,177.7864651,-45.1734495,463.7268848,4.47
38957,119.560183,-49.24492865,1164.285714,4.47
47006,143.7062288,52.05156754,266.994267,4.47
46146,141.163664,26.18244091,213.3507853,4.47
71284,218.6695438,29.74480735,50.41756882,4.47
15549,50.08485949,29.04849835,640.4715128,4.47
109111,331.5287652,-39.54304903,246.969697,4.47
30788,97.04257272,-32.58012947,405.9775841,4.47
12843,41.27492276,-18.57265077,45.55617663,4.47
75323,230.8444073,-59.32069839,509.375,4.48
18744,60.2241876,-62.15936923,490.2255639,4.48
32578,101.9652368,2.41218914,372.9977117,4.48
113889,345.9691938,3.82006998,492.4471299,4.48
20713,66.58613217,15.6183462,156.2799616,4.48
80343,246.025822,-20.03721137,177.9475983,4.48
49641,151.9845649,-0.37162786,287.2246696,4.48
114119,346.6700303,-23.7431168,188.221709,4.48
3504,11.18125882,48.28438262,905.5555556,4.48
116971,355.6803536,-14.54474243,154.0642722,4.49
38455,118.1610554,-38.86282206,640.4715128,4.49
116928,355.5120074,1.7804172,100.6794317,4.49
118322,359.978792,-65.57707774,374.282434,4.49
49593,151.8571881,35.24469176,91.11235327,4.49
71762,220.181504,16.4183013,317.1206226,4.49
34834,108.1405872,-46.75956448,69.03854299,4.49
32249,100.9970586,13.22814319,275.8037225,4.49
107310,326.0350187,28.74322228,73.02867384,4.49
9480,30.48979079,70.90704605,116.8040129,4.49
21248,68.3776229,-29.76583186,124.3325706,4.49
104234,316.7820227,-25.00574796,522.4358974,4.49
96441,294.1105934,50.22046347,60.61732986,4.49
43105,131.67733,-56.76979718,546.0636516,4.5
99874,303.9423226,27.8142285,327.9678068,4.5
27530,87.45656999,-56.1664886,173.5889244,4.5
50676,155.2283958,-56.04322401,1393.162393,4.5
67275,206.8168194,17.45677436,50.84217093,4.5
104459,317.3983034,-11.37165474,163.5725038,4.5
57565,176.9967765,20.21894121,226.3888889,4.5
111944,340.1282598,44.27628068,301.5726179,4.5
109285,332.0956383,-32.98839827,130.3478609,4.5
109754,333.4695894,39.71488928,563.0397237,4.5
106039,322.1804835,-21.80716659,179.3179318,4.5
26594,84.79644123,4.12146667,1621.890547,4.5
106723,324.2700949,-19.46601352,662.601626,4.51
98702,300.7043634,67.87344872,406.4837905,4.51
47391,144.8376706,-61.32810523,223.7474262,4.51
46515,142.3114062,-35.9513478,699.5708155,4.51
76852,235.3878846,19.67050566,192.1037124,4.51
102333,311.0091112,-51.92084051,78.7820203,4.51
27483,87.29358126,39.18113322,212.5162973,4.51
117863,358.5959889,57.49939052,11642.85714,4.51
1473,4.58210555,36.7853273,141.0644743,4.51
5586,17.91494471,30.08972962,162.1084038,4.51
110838,336.8328045,-64.96637927,266.994267,4.51
65271,200.658249,-60.98835608,354.3478261,4.52
73745,226.1119046,26.94765981,250,4.52
65387,201.0018474,-64.53561699,256.8951931,4.52
95176,290.4317584,-15.95500233,1671.794872,4.52
89112,272.8074009,-45.95432704,408.5213033,4.52
13061,41.97683942,29.24742385,180.5094131,4.52
106140,322.4869986,23.63882922,442.3337856,4.52
111104,337.6219233,43.12338985,1369.747899,4.52
69974,214.7775077,-13.37116634,186.6056096,4.52
102431,311.3383193,57.58029799,88.41876865,4.52
85365,261.6580627,-5.08649188,97.95673077,4.53
28413,90.01393918,-3.07407681,419.5624196,4.53
2487,7.88898014,-62.96544985,172.0316623,4.53
87072,266.8901128,-27.83076255,1075.907591,4.53
69483,213.3706246,51.78999066,155.0166429,4.53
114570,348.1371788,49.40597489,79.86281235,4.53
102589,311.8521956,36.49073658,878.7061995,4.53
3881,12.45345723,41.07895474,679.1666667,4.53
37096,114.3421666,-34.96857044,358.2417582,4.53
46776,142.9955615,-1.18465438,458.5091421,4.54
46977,143.6206994,69.83015419,105.5357721,4.54
114144,346.751066,9.40952259,321.816387,4.54
75304,230.7890137,-36.85843627,605.9479554,4.54
72659,222.8470176,19.10063329,21.84108267,4.54
115919,352.2885846,12.76049243,177.7535442,4.54
74392,228.0554674,-19.79163143,376.443418,4.54
24727,79.54395049,33.37200411,234.1954023,4.54
98162,299.2367704,-27.1698625,1207.407407,4.54
46952,143.5557374,36.39761338,176.0259179,4.54
31416,98.76408302,-22.96483318,411.6161616,4.54
23595,76.10129897,-35.48287057,184.9120817,4.55
36425,112.4490921,12.00661101,560.137457,4.55
76371,233.9719375,-44.95833688,434.0878828,4.55
48402,148.0265007,54.06428574,436.4123159,4.55
88839,272.0206792,-28.45701627,347.5479744,4.55
301,0.93488487,-17.33597002,227.8127184,4.55
110609,336.1291488,49.47640074,2116.883117,4.55
107119,325.4794837,71.31118695,175.7412399,4.55
80079,245.1590976,-24.16928427,1176.895307,4.55
33694,105.0160332,76.97744152,187.0338497,4.55
16281,52.47810837,58.87875244,2469.69697,4.55
110351,335.2563679,46.53656484,509.375,4.55
13328,42.87846216,35.05989415,409.033877,4.56
70574,216.5343127,-45.22138996,1034.920635,4.56
18597,59.68640623,-61.40015059,530.0813008,4.56
104194,316.6503672,47.64840597,981.9277108,4.56
86092,263.9150472,-46.50559076,385.3427896,4.56
27830,88.33184814,27.61228536,437.5838926,4.56
44700,136.6324502,38.45225024,677.7546778,4.56
103004,313.0321898,27.09712771,216.4674635,4.56
54951,168.8010129,23.09552528,6653.061224,4.56
86614,265.4846127,72.14949916,71.83781401,4.57
94005,287.0872208,-40.4966376,174.6116765,4.57
16870,54.2736588,-40.27451075,219.0860215,4.57
92818,283.6870048,22.64507357,485.8420268,4.57
80463,246.3538732,14.03341514,235.0396539,4.57
97886,298.3653368,24.07952568,359.030837,4.57
80473,246.3963381,-23.44711764,394.1958888,4.57
67627,207.8580733,64.72328281,391.3565426,4.58
26237,83.84650694,-4.83834045,785.5421687,4.58
64425,198.0734554,-59.92053651,346.0721868,4.58
52468,160.8846154,-60.56662705,1065.359477,4.58
115250,350.1592632,23.7403592,167.1794872,4.58
48374,147.9195349,-46.54764424,1083.056478,4.58
86284,264.4613324,-8.11872126,548.8215488,4.58
79404,243.0758822,-27.92631564,467.7187948,4.58
54751,168.1500845,-60.3176307,12538.46154,4.59
